#{"t_start": 1697311046.9627068, "env_id": "turbolander-2d-custom-v1"}
r,l,t
-125.0,500,0.910957
-125.0,500,3.205703
-125.0,500,5.411014
293.387063,207,6.965171
316.83304,185,7.666004
279.060863,144,9.239775
