#{"t_start": 1697311046.9631732, "env_id": "turbolander-2d-custom-v1"}
r,l,t
-125.0,500,0.91081
191.333017,420,3.093117
308.278827,233,4.562932
-125.0,500,6.854927
273.585283,213,7.266726
329.082503,151,9.206714
