#{"t_start": 1697311046.9670668, "env_id": "turbolander-2d-custom-v1"}
r,l,t
-125.0,500,0.908929
194.108115,316,2.94379
258.110626,192,4.359266
311.63558,218,4.66021
284.961707,346,6.722078
335.774011,163,7.009194
290.767128,269,9.181243
