#{"t_start": 1697311046.9674819, "env_id": "turbolander-2d-custom-v1"}
r,l,t
-125.0,500,0.908779
230.132438,136,2.691783
251.429538,438,4.450226
275.528854,145,4.649996
260.799113,119,5.172958
263.464893,97,5.31308
282.599193,230,6.879326
286.735296,187,7.235774
259.716326,74,7.713762
246.342912,113,9.243615
