#{"t_start": 1697311046.967898, "env_id": "turbolander-2d-custom-v1"}
r,l,t
177.086159,277,0.588242
264.616257,223,0.908634
-125.0,500,3.201768
321.530269,93,4.475485
255.818012,132,4.657912
302.855721,207,5.308367
280.872322,223,6.85583
270.598746,74,6.99773
123.932385,63,7.125162
268.014879,210,9.176845
