#{"t_start": 1697311046.968309, "env_id": "turbolander-2d-custom-v1"}
r,l,t
-125.0,500,0.908503
298.785775,277,2.888725
304.08901,265,4.406269
323.048804,196,4.675515
312.364817,113,5.19079
243.265888,113,5.353737
312.876184,251,6.974234
336.054589,139,7.239245
327.489484,181,9.233097
