#{"t_start": 1697311046.968718, "env_id": "turbolander-2d-custom-v1"}
r,l,t
278.462885,236,0.529973
250.458613,142,0.734427
238.59706,141,2.111825
-125.0,500,4.372971
306.833104,111,4.527152
261.972737,301,5.305922
270.714646,295,6.992521
