#{"t_start": 1697311046.9691281, "env_id": "turbolander-2d-custom-v1"}
r,l,t
-125.0,500,0.908031
-125.0,500,3.201046
213.93857,304,5.124032
275.384893,357,6.867029
301.435082,102,7.065116
237.496998,100,7.256545
282.322154,110,7.789279
