#{"t_start": 1697311046.9636528, "env_id": "turbolander-2d-custom-v1"}
r,l,t
-125.0,500,0.910637
156.328181,467,3.157766
265.598418,276,4.68647
281.647238,206,5.336533
304.434198,131,6.738522
285.76023,220,7.143358
347.92459,105,7.684867
