#{"t_start": 1697311046.964086, "env_id": "turbolander-2d-custom-v1"}
r,l,t
-125.0,500,0.910504
-125.0,500,3.204785
249.249661,388,5.247715
298.24088,187,6.729212
275.38221,116,6.934232
306.425454,92,7.112509
265.597906,251,9.233383
