#{"t_start": 1697311046.9645278, "env_id": "turbolander-2d-custom-v1"}
r,l,t
328.271412,137,0.396078
212.064665,409,2.154478
271.63084,257,2.928073
195.264625,236,4.405241
200.141658,456,5.400614
239.64591,87,6.741646
339.325787,73,6.85813
237.682698,218,7.278528
