#{"t_start": 1697311046.9650052, "env_id": "turbolander-2d-custom-v1"}
r,l,t
253.14818,369,0.724595
-125.0,500,3.020004
216.158011,236,4.496501
296.119329,197,5.124005
280.73726,172,5.370896
173.012447,114,6.749733
305.277238,137,6.993854
272.667428,301,9.219709
