#{"t_start": 1697311046.9654317, "env_id": "turbolander-2d-custom-v1"}
r,l,t
-125.0,500,0.90958
279.675675,250,2.852183
268.042746,348,4.484821
287.958545,118,4.647506
268.695527,87,5.125326
157.532521,436,7.016509
263.373843,158,7.671391
327.08863,137,9.232783
