#{"t_start": 1697311046.9658437, "env_id": "turbolander-2d-custom-v1"}
r,l,t
-125.0,500,0.909468
280.130395,192,2.772518
241.396009,200,3.050749
-125.0,500,5.251976
245.72344,224,6.791876
229.328052,64,6.915117
321.088727,181,7.25551
338.134468,151,9.196278
