#{"t_start": 1697311046.9662557, "env_id": "turbolander-2d-custom-v1"}
r,l,t
240.035425,247,0.547351
295.789564,250,0.903486
278.54711,268,2.87366
-125.0,500,5.067472
266.717509,360,6.806291
314.144617,115,7.01762
309.254749,108,7.229163
247.923486,174,9.211902
