#{"t_start": 1697311046.9666646, "env_id": "turbolander-2d-custom-v1"}
r,l,t
-125.0,500,0.909046
304.283503,274,2.885759
328.353685,189,3.1495
231.328269,133,4.480817
285.236694,176,5.078838
325.197911,173,5.328059
322.729568,110,6.697951
232.09254,142,6.944655
263.516757,68,7.073349
321.169819,136,7.676321
