#{"t_start": 1697134970.8700752, "env_id": "turbolander-2d-custom-v1"}
r,l,t
-inf,58,0.299352
-inf,55,0.387856
-inf,54,0.474336
-inf,50,0.55355
-inf,51,0.63486
-inf,55,0.722318
-inf,53,0.806096
-inf,59,0.901096
-inf,50,0.98189
