#{"t_start": 1697134970.8705935, "env_id": "turbolander-2d-custom-v1"}
r,l,t
-inf,49,0.282988
-inf,56,0.372929
-inf,50,0.453044
-inf,51,0.534922
-inf,54,0.621641
-inf,50,0.700208
-inf,50,0.780857
-inf,51,0.862725
-inf,52,0.946445
