#{"t_start": 1697134970.874573, "env_id": "turbolander-2d-custom-v1"}
r,l,t
-inf,52,0.284567
-inf,49,0.363008
-inf,55,0.451389
-inf,53,0.537003
-inf,57,0.627586
-inf,61,0.725628
-inf,58,0.819015
-inf,60,0.912924
-inf,49,0.992522
