#{"t_start": 1697134970.875028, "env_id": "turbolander-2d-custom-v1"}
r,l,t
-inf,55,0.289657
-inf,45,0.360596
-inf,62,0.461344
-inf,55,0.549785
-inf,52,0.632393
-inf,64,0.735729
-inf,57,0.826696
-inf,62,0.925716
