#{"t_start": 1697134970.8754458, "env_id": "turbolander-2d-custom-v1"}
r,l,t
-inf,47,0.275655
-inf,53,0.360508
-inf,57,0.452419
-inf,49,0.531186
-inf,49,0.609348
-inf,49,0.68669
-inf,52,0.77051
-inf,51,0.852363
-inf,51,0.934497
