#{"t_start": 1697134970.8758574, "env_id": "turbolander-2d-custom-v1"}
r,l,t
-inf,58,0.294948
-inf,51,0.376245
-inf,51,0.457399
-inf,52,0.540683
-inf,60,0.636838
-inf,51,0.717659
-inf,52,0.799449
-inf,52,0.882943
-inf,50,0.964137
