#{"t_start": 1697134970.8762743, "env_id": "turbolander-2d-custom-v1"}
r,l,t
-inf,58,0.294824
-inf,49,0.372164
-inf,65,0.476954
-inf,56,0.566356
-inf,49,0.644738
-inf,55,0.732947
-inf,48,0.807773
-inf,50,0.887547
-inf,58,0.981712
