#{"t_start": 1697134970.876687, "env_id": "turbolander-2d-custom-v1"}
r,l,t
-inf,57,0.292015
-inf,50,0.372069
-inf,55,0.460234
-inf,46,0.533509
-inf,49,0.611545
-inf,55,0.698324
-inf,54,0.784876
-inf,50,0.865327
-inf,47,0.941581
