#{"t_start": 1697134970.8710768, "env_id": "turbolander-2d-custom-v1"}
r,l,t
-inf,56,0.294779
-inf,54,0.382054
-inf,57,0.473723
-inf,54,0.559563
-inf,54,0.6456
-inf,55,0.734097
-inf,53,0.818523
-inf,53,0.902222
-inf,53,0.987847
