#{"t_start": 1697134970.8715591, "env_id": "turbolander-2d-custom-v1"}
r,l,t
-inf,55,0.292091
-inf,51,0.37413
-inf,59,0.469609
-inf,59,0.56411
-inf,54,0.650442
-inf,46,0.723063
-inf,66,0.829392
-inf,59,0.923807
