#{"t_start": 1697134970.872026, "env_id": "turbolander-2d-custom-v1"}
r,l,t
-inf,55,0.291948
-inf,50,0.371958
-inf,49,0.450024
-inf,50,0.530469
-inf,54,0.617183
-inf,51,0.697243
-inf,62,0.796466
-inf,58,0.889382
-inf,48,0.966863
