#{"t_start": 1697134970.8724852, "env_id": "turbolander-2d-custom-v1"}
r,l,t
-inf,47,0.277862
-inf,62,0.378834
-inf,56,0.469075
-inf,58,0.5616
-inf,56,0.651592
-inf,59,0.745685
-inf,58,0.83801
-inf,51,0.919746
