#{"t_start": 1697134970.8728979, "env_id": "turbolander-2d-custom-v1"}
r,l,t
-inf,57,0.29496
-inf,49,0.373249
-inf,57,0.46516
-inf,54,0.551363
-inf,59,0.645791
-inf,52,0.728814
-inf,52,0.810387
-inf,53,0.895132
-inf,51,0.977406
