#{"t_start": 1697134970.8733099, "env_id": "turbolander-2d-custom-v1"}
r,l,t
-inf,58,0.296857
-inf,56,0.386851
-inf,60,0.482635
-inf,55,0.570565
-inf,49,0.649183
-inf,51,0.73046
-inf,54,0.816859
-inf,52,0.898583
-inf,50,0.979387
