#{"t_start": 1697134970.8737457, "env_id": "turbolander-2d-custom-v1"}
r,l,t
-inf,51,0.283524
-inf,59,0.380051
-inf,49,0.457137
-inf,60,0.554084
-inf,52,0.636875
-inf,57,0.728354
-inf,49,0.804703
-inf,49,0.882976
-inf,51,0.965665
