#{"t_start": 1697134970.8741574, "env_id": "turbolander-2d-custom-v1"}
r,l,t
-inf,53,0.286669
-inf,50,0.366565
-inf,56,0.457041
-inf,56,0.546859
-inf,52,0.629662
-inf,59,0.724239
-inf,52,0.80609
-inf,56,0.895887
-inf,50,0.976602
