#{"t_start": 1697134948.7494125, "env_id": "turbolander-2d-custom-v1"}
r,l,t
-inf,51,0.29599
-inf,49,0.369343
-inf,50,0.447001
-inf,52,0.526896
-inf,55,0.613596
-inf,52,0.69365
-inf,49,0.769752
-inf,56,0.855488
-inf,55,0.939468
