#{"t_start": 1697134948.7498515, "env_id": "turbolander-2d-custom-v1"}
r,l,t
-inf,56,0.304805
-inf,56,0.388427
-inf,52,0.469294
-inf,54,0.552291
-inf,59,0.645017
-inf,50,0.723617
-inf,54,0.804898
-inf,52,0.88437
-inf,57,0.971445
