#{"t_start": 1697134948.7534747, "env_id": "turbolander-2d-custom-v1"}
r,l,t
-inf,49,0.287849
-inf,56,0.374191
-inf,51,0.453209
-inf,46,0.523905
-inf,51,0.602591
-inf,51,0.682478
-inf,52,0.763185
-inf,46,0.834695
-inf,49,0.90983
-inf,49,0.983443
