#{"t_start": 1697134948.7538736, "env_id": "turbolander-2d-custom-v1"}
r,l,t
-inf,56,0.301649
-inf,47,0.370113
-inf,53,0.453087
-inf,56,0.540037
-inf,56,0.62729
-inf,59,0.720452
-inf,50,0.795302
-inf,58,0.884079
-inf,56,0.969736
