#{"t_start": 1697134948.7542794, "env_id": "turbolander-2d-custom-v1"}
r,l,t
-inf,52,0.293797
-inf,54,0.375402
-inf,50,0.452946
-inf,51,0.531129
-inf,54,0.616055
-inf,53,0.69815
-inf,52,0.777896
-inf,55,0.861859
-inf,54,0.944664
