#{"t_start": 1697134948.7546813, "env_id": "turbolander-2d-custom-v1"}
r,l,t
-inf,59,0.305496
-inf,58,0.39381
-inf,53,0.474546
-inf,50,0.551365
-inf,50,0.630036
-inf,49,0.707212
-inf,54,0.788592
-inf,49,0.863186
-inf,56,0.949538
