#{"t_start": 1697134948.7550783, "env_id": "turbolander-2d-custom-v1"}
r,l,t
-inf,53,0.295428
-inf,51,0.371186
-inf,45,0.44054
-inf,59,0.532131
-inf,47,0.605319
-inf,50,0.682842
-inf,45,0.752841
-inf,50,0.830259
-inf,54,0.913006
