#{"t_start": 1697134948.7554731, "env_id": "turbolander-2d-custom-v1"}
r,l,t
-inf,61,0.307929
-inf,54,0.388423
-inf,54,0.472017
-inf,51,0.550917
-inf,50,0.62959
-inf,54,0.714373
-inf,53,0.794181
-inf,50,0.870804
-inf,51,0.949089
