#{"t_start": 1697134948.7502484, "env_id": "turbolander-2d-custom-v1"}
r,l,t
-inf,49,0.290338
-inf,50,0.366986
-inf,56,0.454016
-inf,55,0.539548
-inf,59,0.632048
-inf,45,0.701097
-inf,54,0.784408
-inf,56,0.870239
-inf,47,0.942084
