#{"t_start": 1697134948.7506437, "env_id": "turbolander-2d-custom-v1"}
r,l,t
-inf,53,0.298519
-inf,51,0.374484
-inf,53,0.457666
-inf,54,0.540877
-inf,56,0.628334
-inf,54,0.713695
-inf,64,0.812066
-inf,53,0.891557
-inf,51,0.969124
