#{"t_start": 1697134948.7510407, "env_id": "turbolander-2d-custom-v1"}
r,l,t
-inf,53,0.298405
-inf,59,0.387649
-inf,58,0.47739
-inf,52,0.557726
-inf,50,0.63647
-inf,49,0.713573
-inf,64,0.81195
-inf,60,0.90151
