#{"t_start": 1697134948.7514808, "env_id": "turbolander-2d-custom-v1"}
r,l,t
-inf,51,0.294479
-inf,56,0.379411
-inf,50,0.457175
-inf,48,0.530143
-inf,51,0.610143
-inf,53,0.692127
-inf,57,0.780025
-inf,54,0.862556
-inf,57,0.950553
