#{"t_start": 1697134948.7518785, "env_id": "turbolander-2d-custom-v1"}
r,l,t
-inf,47,0.28582
-inf,48,0.359689
-inf,60,0.452864
-inf,51,0.531479
-inf,55,0.6176
-inf,56,0.706465
-inf,64,0.803421
-inf,55,0.887408
-inf,57,0.974514
