#{"t_start": 1697134948.7522745, "env_id": "turbolander-2d-custom-v1"}
r,l,t
-inf,54,0.299445
-inf,50,0.373329
-inf,48,0.447757
-inf,50,0.524706
-inf,51,0.603264
-inf,56,0.691672
-inf,54,0.774793
-inf,60,0.866872
-inf,47,0.938726
