#{"t_start": 1697134948.7526746, "env_id": "turbolander-2d-custom-v1"}
r,l,t
-inf,55,0.300778
-inf,53,0.380076
-inf,49,0.45638
-inf,54,0.539382
-inf,50,0.617191
-inf,51,0.695937
-inf,56,0.782588
-inf,59,0.872735
-inf,49,0.947674
