#{"t_start": 1697134948.7530704, "env_id": "turbolander-2d-custom-v1"}
r,l,t
-inf,53,0.296904
-inf,53,0.376197
-inf,53,0.459159
-inf,50,0.535511
-inf,54,0.620201
-inf,51,0.698954
-inf,54,0.782461
-inf,59,0.872617
-inf,49,0.947553
