#{"t_start": 1700676831.7397635, "env_id": "turbolander-2d-custom-v1"}
r,l,t
-92.440285,56,0.221224
-108.998042,58,0.247047
-100.764258,51,0.269561
-85.546266,62,0.298612
-91.216155,54,0.32224
-91.494654,62,0.349668
-95.249145,50,0.371797
-93.042234,46,0.39221
-124.7363,62,0.497159
-96.549678,55,0.523641
-107.950296,61,0.550635
-93.953153,52,0.573692
-90.671659,53,0.597058
-89.563202,51,0.621143
-114.220664,65,0.649952
-91.971967,60,0.676476
-80.938717,61,0.704834
