#{"t_start": 1697120064.1926165, "env_id": "turbolander-2d-custom-v1"}
r,l,t
-99.899607,56,0.279119
-99.991404,54,0.36105
-99.940664,51,0.438584
-99.849312,48,0.511566
-99.967833,55,0.593839
-99.993307,54,0.677068
-99.615773,53,0.758962
-99.991156,55,0.84273
-99.991319,52,0.921955
