#{"t_start": 1697120064.1930609, "env_id": "turbolander-2d-custom-v1"}
r,l,t
-99.966424,55,0.276895
-99.770521,59,0.367439
-99.964401,54,0.449799
-99.978093,55,0.533147
-99.898674,54,0.615183
-99.987777,52,0.693464
-99.890079,71,0.801579
-99.781841,65,0.900506
