#{"t_start": 1697120064.1967375, "env_id": "turbolander-2d-custom-v1"}
r,l,t
-99.887739,63,0.286877
-99.738542,61,0.37917
-99.955803,48,0.452896
-99.982216,50,0.528393
-99.9781,47,0.598079
-99.972514,52,0.678092
-99.694525,57,0.765718
-99.991183,50,0.842308
-99.979726,51,0.920103
