#{"t_start": 1697120064.1971412, "env_id": "turbolander-2d-custom-v1"}
r,l,t
-99.881925,57,0.277607
-99.988071,53,0.357437
-99.763438,53,0.438539
-99.861854,62,0.533103
-99.611983,58,0.620969
-99.971933,49,0.694554
-99.969594,56,0.780658
-99.927572,52,0.859839
-99.973459,58,0.948502
