#{"t_start": 1697120064.1975596, "env_id": "turbolander-2d-custom-v1"}
r,l,t
-99.936128,55,0.273301
-99.6973,53,0.353349
-99.989228,58,0.44291
-99.819003,54,0.524637
-99.537792,63,0.620826
-99.792667,56,0.706676
-99.855563,65,0.805238
-99.985436,49,0.878808
