#{"t_start": 1697120064.1979797, "env_id": "turbolander-2d-custom-v1"}
r,l,t
-99.800597,51,0.266224
-99.801806,47,0.337943
-99.826974,63,0.434254
-99.882543,55,0.51804
-99.735839,55,0.602212
-99.981784,52,0.680335
-99.806224,57,0.767804
-99.983352,52,0.847168
-99.864609,58,0.935777
