#{"t_start": 1697120064.1983714, "env_id": "turbolander-2d-custom-v1"}
r,l,t
-99.892264,51,0.266099
-99.939833,59,0.3566
-99.886269,54,0.43916
-99.853776,51,0.516062
-99.891286,54,0.597132
-99.929658,52,0.676929
-99.983034,61,0.770523
-99.963771,51,0.848576
-99.9745,55,0.932009
