#{"t_start": 1697120064.1987653, "env_id": "turbolander-2d-custom-v1"}
r,l,t
-99.970341,51,0.265967
-99.993092,52,0.345001
-99.771549,52,0.424111
-99.980877,48,0.497404
-99.737226,48,0.569479
-99.865709,57,0.65675
-99.973,50,0.733763
-99.987107,57,0.820605
-99.767313,46,0.889552
