#{"t_start": 1697120064.1934714, "env_id": "turbolander-2d-custom-v1"}
r,l,t
-99.97886,57,0.280489
-99.99346,56,0.365255
-99.874356,61,0.458763
-99.681635,54,0.540982
-99.816259,51,0.618167
-99.963714,61,0.711794
-99.907784,55,0.793918
-99.948653,54,0.876368
-99.901829,48,0.949974
