#{"t_start": 1697120064.1938782, "env_id": "turbolander-2d-custom-v1"}
r,l,t
-99.987807,48,0.264792
-99.93732,53,0.346081
-99.890143,57,0.432717
-99.926004,51,0.510715
-99.981345,49,0.583774
-99.989949,54,0.666774
-99.769366,50,0.744116
-99.98777,53,0.82454
-99.722702,53,0.904508
