#{"t_start": 1697120064.1942797, "env_id": "turbolander-2d-custom-v1"}
r,l,t
-99.933954,60,0.284504
-99.988407,62,0.378193
-99.990565,53,0.459758
-99.964546,56,0.544801
-99.974901,63,0.639988
-99.988031,62,0.734384
-99.866552,52,0.813899
-99.975794,63,0.910389
