#{"t_start": 1697120064.1947248, "env_id": "turbolander-2d-custom-v1"}
r,l,t
-99.676272,56,0.277578
-99.930418,57,0.364407
-99.967536,50,0.440365
-99.971775,61,0.533409
-99.673676,71,0.641271
-99.981832,56,0.726494
-99.953006,60,0.817988
-99.875129,48,0.889916
