#{"t_start": 1697120064.1951299, "env_id": "turbolander-2d-custom-v1"}
r,l,t
-99.975244,51,0.268422
-99.746241,49,0.343388
-99.9771,55,0.426969
-99.830246,52,0.506375
-99.817328,59,0.594995
-99.595225,58,0.684382
-99.991205,46,0.754983
-99.987267,48,0.828363
-99.985898,49,0.901809
