#{"t_start": 1697120064.1955304, "env_id": "turbolander-2d-custom-v1"}
r,l,t
-99.617783,56,0.277107
-99.978676,60,0.368371
-99.757825,56,0.45366
-99.911215,54,0.536103
-99.805894,51,0.613309
-99.947901,57,0.699241
-99.994399,54,0.781762
-99.965145,53,0.862908
-99.76297,52,0.942342
