#{"t_start": 1697120064.1959324, "env_id": "turbolander-2d-custom-v1"}
r,l,t
-99.965517,48,0.263287
-99.918112,61,0.35636
-99.98251,53,0.437673
-99.969356,51,0.515088
-99.968733,51,0.591243
-99.968401,53,0.672623
-99.992755,53,0.754522
-99.965045,54,0.836557
-99.963723,57,0.923795
