#{"t_start": 1697120064.1963358, "env_id": "turbolander-2d-custom-v1"}
r,l,t
-99.973182,54,0.272485
-99.915568,55,0.356233
-99.902015,51,0.4338
-99.979851,49,0.508854
-99.855096,52,0.586185
-99.964377,54,0.669189
-99.844356,48,0.743661
-99.816716,53,0.824283
-99.697548,47,0.894665
