#{"t_start": 1699018502.0461318, "env_id": "turbolander-2d-custom-v1"}
r,l,t
-123.638428,50,1.716597
-116.177548,59,4.186318
-117.759537,61,6.476622
-102.32761,60,8.714711
-165.227019,78,11.201505
-116.075634,54,12.720556
-156.297407,62,14.541506
-163.196468,74,16.58936
