#{"t_start": 1699018502.0502605, "env_id": "turbolander-2d-custom-v1"}
r,l,t
-99.602627,53,1.831018
-98.006599,59,4.270117
-124.374758,56,6.385584
-126.873079,58,8.57244
-111.526944,47,10.047702
-118.212198,46,11.447903
-122.09999,68,13.364683
-112.291505,47,14.835531
-103.157406,53,16.305761
