#{"t_start": 1699018502.0923736, "env_id": "turbolander-2d-custom-v1"}
r,l,t
-163.414337,93,3.437981
-121.212541,51,5.279105
-112.394208,77,8.372461
-103.17887,59,10.265074
-119.137794,67,12.245537
-159.804776,66,14.187349
-144.294627,67,16.113933
