#{"t_start": 1699018502.0963268, "env_id": "turbolander-2d-custom-v1"}
r,l,t
-106.996593,48,1.608777
-101.106718,58,4.029697
-104.582719,50,5.793981
-117.671495,57,8.087266
-115.813189,61,10.049495
-136.231507,57,11.7882
-119.354619,58,13.396675
-118.00201,54,15.032365
-164.871531,72,18.743282
