#{"t_start": 1699018502.1012845, "env_id": "turbolander-2d-custom-v1"}
r,l,t
-111.346053,60,2.105141
-113.388129,50,4.177495
-110.952792,52,6.060498
-140.707659,156,11.387093
-119.67405,45,12.716393
-125.238958,44,13.965428
-160.615481,68,15.986565
