#{"t_start": 1699018502.1061742, "env_id": "turbolander-2d-custom-v1"}
r,l,t
-101.928151,78,2.79066
-100.331363,62,5.122754
-151.186558,97,8.940017
-138.915566,59,10.83679
-111.545449,53,12.298402
-122.184905,72,14.412497
-100.215889,58,16.0763
