#{"t_start": 1699018502.1102836, "env_id": "turbolander-2d-custom-v1"}
r,l,t
-106.158056,64,2.249406
-166.238311,71,4.927115
-122.670992,52,6.971257
-106.753912,52,8.996454
-120.168069,58,10.868735
-117.317541,58,12.470242
-116.147335,54,14.026906
-124.650946,54,15.635639
-108.27054,53,18.77607
