#{"t_start": 1699018502.1151204, "env_id": "turbolander-2d-custom-v1"}
r,l,t
-99.095896,50,1.686884
-109.519967,61,4.200993
-110.837255,60,6.463426
-103.34265,56,8.568616
-85.255038,137,12.730144
-105.707281,54,14.309895
-117.620292,57,15.97675
