#{"t_start": 1699018502.0552466, "env_id": "turbolander-2d-custom-v1"}
r,l,t
-111.629761,49,1.671326
-131.295575,51,3.779121
-104.786544,55,5.762197
-100.626423,58,8.10882
-125.878781,54,9.858275
-109.667393,50,11.396298
-111.347473,49,12.817531
-121.188365,56,14.472921
-107.187788,49,15.92221
