#{"t_start": 1699018502.060216, "env_id": "turbolander-2d-custom-v1"}
r,l,t
-132.68057,61,2.169661
-89.346697,78,5.107996
-105.276725,47,6.953984
-137.880068,63,9.302232
-161.651444,60,11.213248
-135.366977,80,13.411255
-116.18917,54,15.053952
-112.189829,54,16.544916
