#{"t_start": 1699018502.0643616, "env_id": "turbolander-2d-custom-v1"}
r,l,t
-110.258192,58,2.034468
-117.561822,54,4.267113
-109.411646,49,6.024339
-113.508291,54,8.177744
-115.152498,54,9.912321
-108.488662,45,11.320016
-122.055802,57,12.913253
-105.769789,60,14.745905
-155.795218,85,18.795854
