#{"t_start": 1699018502.0691516, "env_id": "turbolander-2d-custom-v1"}
r,l,t
-131.903654,77,2.75147
-114.238139,52,4.740551
-134.856617,80,7.95299
-182.725436,93,11.033181
-125.115005,56,12.584445
-132.635936,54,14.157942
-117.315469,51,15.65353
-121.133221,44,18.460626
