#{"t_start": 1699018502.0740721, "env_id": "turbolander-2d-custom-v1"}
r,l,t
-118.814186,50,1.707598
-108.005634,48,3.675675
-118.221061,51,5.48961
-114.289208,47,7.344321
-116.864544,70,9.809326
-136.056294,163,14.680911
-111.196376,54,16.196116
