#{"t_start": 1699018502.0784376, "env_id": "turbolander-2d-custom-v1"}
r,l,t
-108.099641,52,1.776556
-167.232674,67,4.421959
-113.956663,51,6.456534
-101.597708,67,8.946981
-100.243852,50,10.52151
-116.060095,52,12.064735
-132.453451,94,14.783911
-108.235492,49,16.169211
