#{"t_start": 1699018502.083063, "env_id": "turbolander-2d-custom-v1"}
r,l,t
-111.370891,48,1.614491
-107.803801,58,4.033982
-117.969662,61,6.312026
-206.968646,109,10.127154
-144.219494,62,12.031539
-106.891361,51,13.402159
-98.996184,49,14.905452
-131.49783,46,16.214801
