#{"t_start": 1699018502.0878074, "env_id": "turbolander-2d-custom-v1"}
r,l,t
-125.593594,46,1.526338
-112.624603,54,3.764822
-154.228842,69,6.409515
-144.243616,71,9.040762
-115.840663,50,10.630733
-97.07166,65,12.480159
-104.849232,67,14.458615
-112.397678,58,16.116984
