#{"t_start": 1698857549.2069309, "env_id": "turbolander-2d-custom-v1"}
r,l,t
15.978472,140,0.545745
10.801271,127,0.808441
169.277183,180,1.184669
