#{"t_start": 1698857549.2075458, "env_id": "turbolander-2d-custom-v1"}
r,l,t
176.593469,130,0.524943
177.769703,241,1.024251
