#{"t_start": 1698857549.2124538, "env_id": "turbolander-2d-custom-v1"}
r,l,t
1.294143,128,0.516153
177.05573,212,0.955283
