#{"t_start": 1698857549.2130163, "env_id": "turbolander-2d-custom-v1"}
r,l,t
184.332215,155,0.573869
36.840525,137,0.854723
160.093937,200,1.273228
