#{"t_start": 1698857549.213582, "env_id": "turbolander-2d-custom-v1"}
r,l,t
179.030626,174,0.612457
175.706302,148,0.917316
