#{"t_start": 1698857549.2141418, "env_id": "turbolander-2d-custom-v1"}
r,l,t
180.57914,172,0.607594
178.552431,316,1.261593
