#{"t_start": 1698857549.2146978, "env_id": "turbolander-2d-custom-v1"}
r,l,t
174.989529,176,0.615841
186.429314,135,0.894055
182.976734,141,1.188675
