#{"t_start": 1698857549.2152505, "env_id": "turbolander-2d-custom-v1"}
r,l,t
190.715653,140,0.53924
49.77211,135,0.817914
213.307828,149,1.128408
179.884528,135,2.963115
