#{"t_start": 1698857549.2081096, "env_id": "turbolander-2d-custom-v1"}
r,l,t
180.476935,352,0.985452
178.767421,221,3.007027
