#{"t_start": 1698857549.208686, "env_id": "turbolander-2d-custom-v1"}
r,l,t
38.894151,380,1.041341
9.925228,200,3.029006
