#{"t_start": 1698857549.2092128, "env_id": "turbolander-2d-custom-v1"}
r,l,t
171.111802,142,0.548622
210.048075,422,2.981803
