#{"t_start": 1698857549.2102716, "env_id": "turbolander-2d-custom-v1"}
r,l,t
167.95685,163,0.59253
207.74752,251,1.11199
167.500568,136,2.942107
