#{"t_start": 1698857549.2108018, "env_id": "turbolander-2d-custom-v1"}
r,l,t
-4.766302,287,0.845954
181.151525,145,1.148485
184.673798,164,3.071414
