#{"t_start": 1698857549.2113342, "env_id": "turbolander-2d-custom-v1"}
r,l,t
30.102978,332,0.939682
3.897904,149,1.249585
