#{"t_start": 1698857549.2119231, "env_id": "turbolander-2d-custom-v1"}
r,l,t
184.748351,129,0.518934
