#{"t_start": 1700663381.6432362, "env_id": "turbolander-2d-custom-v1"}
r,l,t
-80.076722,65,3.274936
-84.635326,65,6.140212
-89.827893,57,8.859107
-100.406547,50,11.514765
-99.089338,92,15.561346
-98.822868,65,18.661055
-107.365188,61,21.597427
-90.190766,54,25.271773
-117.142203,45,27.552088
-108.43875,106,33.898278
-95.772392,58,36.31675
-76.529789,63,39.381418
-92.844932,66,42.38853
-97.150442,64,45.463389
