#{"t_start": 1700663381.5790603, "env_id": "turbolander-2d-custom-v1"}
r,l,t
-104.864285,51,2.63332
-133.146889,62,5.644992
-116.976262,52,8.142708
-101.097005,74,11.669188
-99.314576,48,14.027528
-102.948576,52,16.150126
-103.498335,63,19.099765
-90.431983,56,21.833255
-95.716167,48,25.173893
-102.383972,52,27.764986
-95.072971,51,30.089512
-108.752479,59,34.269356
-112.484045,53,36.488363
-87.638806,69,39.722038
-109.525762,58,42.503117
-101.245917,61,45.438477
