#{"t_start": 1700663381.5717561, "env_id": "turbolander-2d-custom-v1"}
r,l,t
-151.324578,64,3.323264
-106.383852,53,5.798871
-138.727863,69,8.895657
-99.612257,48,11.491919
-93.213896,58,14.164093
-98.216242,55,16.489236
-93.936272,48,18.770809
-105.487335,49,21.176553
-119.215988,72,25.622545
-131.942645,59,28.582974
-80.940596,56,32.596475
-72.377689,66,35.666801
