#{"t_start": 1700663381.723082, "env_id": "turbolander-2d-custom-v1"}
r,l,t
-115.959288,53,2.652546
-117.997545,58,5.422137
-98.518259,59,8.180246
-104.622058,58,11.051471
-102.119699,51,13.55772
-85.06442,56,15.871156
-120.856834,56,18.433202
-88.862753,75,22.085149
-89.069259,50,25.487978
-97.664329,64,28.693237
-99.230417,66,33.218474
-150.513358,60,35.863698
-95.831698,53,38.398004
-108.253675,57,40.818732
-99.696184,57,43.483347
