#{"t_start": 1700663381.659181, "env_id": "turbolander-2d-custom-v1"}
r,l,t
-93.451878,56,2.89923
-109.809505,51,5.305794
-134.891271,82,8.901929
-108.578114,42,11.289929
-95.819809,57,13.980534
-100.829494,45,15.790897
-98.927048,47,17.937752
-92.841267,57,20.804589
-96.518265,59,23.632866
-95.171375,63,27.778222
-97.659487,53,30.167556
-92.409209,51,34.002257
-96.316557,58,36.401951
-96.450766,50,39.061785
-128.890083,59,41.549489
-107.223892,61,44.464021
