#{"t_start": 1700663381.709284, "env_id": "turbolander-2d-custom-v1"}
r,l,t
-93.016929,57,2.885306
-110.199638,51,5.307086
-114.863791,52,7.72041
-121.051375,92,12.084833
-126.236895,77,15.501638
-90.863436,47,17.709619
-121.088807,62,20.801994
-100.351578,60,23.63069
-86.618081,54,27.370472
-98.769981,61,30.168334
-99.342023,101,36.123763
-112.960127,57,39.003851
-94.432675,52,41.198992
-102.826727,58,43.878632
