#{"t_start": 1700663381.70783, "env_id": "turbolander-2d-custom-v1"}
r,l,t
-113.505897,74,3.466967
-144.055329,145,10.459242
-101.017889,65,13.785801
-88.916558,51,15.883014
-102.67161,48,18.052926
-103.518329,47,20.396009
-90.438041,63,23.453396
-132.952114,66,27.714142
-105.51126,52,30.038473
-138.056191,68,34.651014
-101.956287,58,37.036423
-104.286955,67,40.183682
-88.929159,59,43.043141
