#{"t_start": 1700663381.723082, "env_id": "turbolander-2d-custom-v1"}
r,l,t
-99.048982,49,2.342396
-92.520473,53,4.975457
-88.940616,65,8.086849
-98.616009,50,10.359666
-83.552562,57,13.301458
-100.654313,46,14.982606
-99.531927,51,17.418752
-97.476497,48,19.813594
-89.216535,54,22.400051
-93.064557,56,26.094536
-97.713583,54,28.771609
-102.078886,63,33.20525
-95.485664,64,35.977117
-133.083164,75,39.431955
-87.035679,58,42.024084
-98.960703,51,44.591359
