#{"t_start": 1700663381.7031264, "env_id": "turbolander-2d-custom-v1"}
r,l,t
-107.870544,56,2.854667
-109.254462,48,5.112245
-74.331717,63,8.082307
-100.519453,55,10.726203
-115.488016,68,13.984686
-100.846886,67,16.737579
-91.795264,48,19.134264
-91.881518,71,22.565397
-106.642372,51,26.002576
-87.70034,54,28.75082
-93.23635,49,32.367359
-98.109679,47,34.549473
-111.59501,58,36.956528
-148.755441,68,40.118655
-114.941011,67,43.358056
