#{"t_start": 1700663381.5733197, "env_id": "turbolander-2d-custom-v1"}
r,l,t
-92.909029,64,3.323132
-107.101699,63,6.106099
-101.623204,42,8.270367
-106.210254,54,10.916582
-103.040996,65,14.046052
-103.65647,47,16.017009
-115.082404,56,18.580551
-92.03769,56,21.30439
-122.352079,62,25.327312
-106.55229,76,29.023957
-94.281568,52,32.842476
-94.815241,58,35.556365
-89.148361,63,38.479925
-84.381432,69,41.54828
-91.457521,70,44.88671
