#{"t_start": 1700663381.6862814, "env_id": "turbolander-2d-custom-v1"}
r,l,t
-106.378401,61,3.099511
-82.766263,59,5.766754
-94.694475,47,8.106719
-79.796347,74,11.632579
-100.214276,55,14.161196
-84.891463,67,17.051473
-100.015902,62,20.177867
-84.395345,49,22.464156
-102.291412,55,26.143634
-95.94427,50,28.685998
-25.213671,76,33.629031
-107.312438,55,35.982485
-84.773796,78,39.578969
-95.022831,49,41.792392
