#{"t_start": 1700663381.6816459, "env_id": "turbolander-2d-custom-v1"}
r,l,t
-142.753344,63,3.177769
-112.959656,55,5.720016
-103.042183,60,8.466403
-99.311405,53,11.25305
-105.092963,45,13.45019
-108.634743,49,15.277398
-91.304365,48,17.575395
-88.730361,63,20.710383
-107.929362,55,23.375625
-113.076896,48,26.697977
-110.009742,53,29.150133
-111.178554,58,33.409193
-100.502937,53,35.815578
-106.219105,62,38.783361
-80.116636,59,41.278684
-91.47272,61,44.113847
