#{"t_start": 1700663381.560837, "env_id": "turbolander-2d-custom-v1"}
r,l,t
-118.929129,60,3.190799
-99.47611,50,5.553704
-85.667012,50,7.869858
-95.969086,70,11.323212
-142.041372,57,14.055691
-95.318741,62,16.566032
-114.240949,63,19.576594
-96.048281,47,21.895455
-100.379597,49,25.307508
-89.028849,61,28.303861
-71.867009,81,33.529057
-96.223981,55,35.99825
-141.408329,64,39.084718
-98.602272,90,43.008205
-97.053547,51,45.519372
