#{"t_start": 1700663381.7063441, "env_id": "turbolander-2d-custom-v1"}
r,l,t
-91.9962,47,2.233171
-153.522921,60,5.27437
-99.935853,53,7.755243
-99.788392,52,10.025928
-91.112267,56,12.932589
-89.10814,60,15.38184
-156.869364,94,20.003642
-107.680378,54,22.535573
-98.381243,59,26.431119
-110.305943,48,28.824616
-96.168841,54,32.756434
-89.928965,56,35.270546
-91.240555,154,42.29855
-103.807783,65,45.471543
