#{"t_start": 1700663381.7185342, "env_id": "turbolander-2d-custom-v1"}
r,l,t
-120.901878,63,3.14802
-91.967865,48,5.445835
-89.192712,63,8.306644
-113.874594,58,11.233356
-113.304277,65,14.175223
-99.605255,56,16.560186
-102.599727,60,19.435334
-98.990763,53,22.094365
-117.450375,78,26.915309
-82.838916,60,29.668762
-57.787883,93,35.52002
-142.469723,82,39.276004
-79.491581,72,42.48151
-98.702647,51,44.965342
