#{"t_start": 1700663381.7167013, "env_id": "turbolander-2d-custom-v1"}
r,l,t
-106.035189,61,3.079421
-126.826941,48,5.342899
-88.103848,58,8.04835
-126.778806,68,11.388886
-106.491391,75,14.59141
-82.485905,65,17.652484
-101.246012,66,20.90714
-92.574015,54,23.543737
-94.439584,62,27.614779
-126.792974,90,33.233109
-91.082026,54,35.689255
-95.818973,90,39.642003
-90.766492,56,42.322501
-108.027857,57,45.071262
